first_name,last_name,email
elizabeth,gonzalez,elizabeth.gonzalez@example.com
laura,long,laura.long@example.com
clifford,flores md,clifford.flores md@example.com
jill,mccarty,jill.mccarty@example.com
patricia,palmer,patricia.palmer@example.com
sheila,west,sheila.west@example.com
keith,velasquez,keith.velasquez@example.com
eddie,santos,eddie.santos@example.com
jody,thomas,jody.thomas@example.com
crystal,gardner,crystal.gardner@example.com
john,thomas,john.thomas@example.com
kelly,jackson,kelly.jackson@example.com
dominique,sanchez,dominique.sanchez@example.com
christina,rose,christina.rose@example.com
jacqueline,stewart,jacqueline.stewart@example.com
dr,jacob hopkins,dr.jacob hopkins@example.com
jenny,reese,jenny.reese@example.com
james,hammond,james.hammond@example.com
joshua,garza,joshua.garza@example.com
pamela,mcknight,pamela.mcknight@example.com
brian,perez,brian.perez@example.com
alexis,fletcher,alexis.fletcher@example.com
tanya,wright,tanya.wright@example.com
monica,ward,monica.ward@example.com
victor,gamble,victor.gamble@example.com
miranda,hernandez,miranda.hernandez@example.com
travis,hall,travis.hall@example.com
alyssa,benson,alyssa.benson@example.com
patricia,bush,patricia.bush@example.com
craig,vasquez,craig.vasquez@example.com
dr,tracey schultz,dr.tracey schultz@example.com
michelle,daniels,michelle.daniels@example.com
ian,johnson,ian.johnson@example.com
kellie,lawson,kellie.lawson@example.com
robert,horn,robert.horn@example.com
mary,crawford,mary.crawford@example.com
debra,martin,debra.martin@example.com
robert,bell,robert.bell@example.com
joe,hernandez,joe.hernandez@example.com
donald,whitaker,donald.whitaker@example.com
jennifer,powers,jennifer.powers@example.com
todd,thompson,todd.thompson@example.com
jamie,blackwell,jamie.blackwell@example.com
crystal,smith,crystal.smith@example.com
michelle,green,michelle.green@example.com
christina,brown,christina.brown@example.com
thomas,valencia,thomas.valencia@example.com
michelle,bradshaw,michelle.bradshaw@example.com
tamara,george,tamara.george@example.com
jamie,hendricks,jamie.hendricks@example.com
sandra,stewart,sandra.stewart@example.com
cindy,mitchell,cindy.mitchell@example.com
susan,mcintyre phd,susan.mcintyre phd@example.com
samantha,vance,samantha.vance@example.com
kendra,pham,kendra.pham@example.com
anne,nguyen,anne.nguyen@example.com
stephanie,johnson,stephanie.johnson@example.com
sheila,jacobs,sheila.jacobs@example.com
cole,harris,cole.harris@example.com
jasmine,hines,jasmine.hines@example.com
stephen,garcia,stephen.garcia@example.com
brad,bates,brad.bates@example.com
rebekah,walker,rebekah.walker@example.com
christopher,boone,christopher.boone@example.com
samuel,caldwell jr,samuel.caldwell jr@example.com
jacob,murray,jacob.murray@example.com
victoria,schwartz,victoria.schwartz@example.com
jason,rodriguez,jason.rodriguez@example.com
eric,wilson,eric.wilson@example.com
jackie,burke,jackie.burke@example.com
john,armstrong,john.armstrong@example.com
brent,johnston,brent.johnston@example.com
kenneth,richardson,kenneth.richardson@example.com
lisa,dean,lisa.dean@example.com
lauren,barnes,lauren.barnes@example.com
ernest,king,ernest.king@example.com
stacie,boyd,stacie.boyd@example.com
mr,cody sampson,mr.cody sampson@example.com
peter,roberts,peter.roberts@example.com
tim,miller,tim.miller@example.com
cindy,kaufman,cindy.kaufman@example.com
brandon,olson,brandon.olson@example.com
shane,allen,shane.allen@example.com
william,martinez,william.martinez@example.com
matthew,cook,matthew.cook@example.com
david,jones,david.jones@example.com
matthew,martinez,matthew.martinez@example.com
megan,pierce,megan.pierce@example.com
rhonda,jackson,rhonda.jackson@example.com
eric,obrien,eric.obrien@example.com
debra,ingram,debra.ingram@example.com
sherri,jones,sherri.jones@example.com
seth,jones,seth.jones@example.com
joshua,hill,joshua.hill@example.com
melvin,matthews,melvin.matthews@example.com
lisa,mccann,lisa.mccann@example.com
ricardo,garrett,ricardo.garrett@example.com
natalie,thomas,natalie.thomas@example.com
jerry,rodriguez,jerry.rodriguez@example.com
john,weaver,john.weaver@example.com
karen,alvarez,karen.alvarez@example.com
lori,ramirez,lori.ramirez@example.com
mark,rose jr,mark.rose jr@example.com
brandon,pearson,brandon.pearson@example.com
benjamin,sanders,benjamin.sanders@example.com
leslie,nunez,leslie.nunez@example.com
patricia,stewart,patricia.stewart@example.com
robert,nicholson,robert.nicholson@example.com
jeffrey,carrillo,jeffrey.carrillo@example.com
elizabeth,perry,elizabeth.perry@example.com
theodore,bolton,theodore.bolton@example.com
david,harrington,david.harrington@example.com
gregory,hogan,gregory.hogan@example.com
joseph,wilson,joseph.wilson@example.com
jason,hoover,jason.hoover@example.com
kelly,campbell,kelly.campbell@example.com
mary,gillespie,mary.gillespie@example.com
david,price,david.price@example.com
daniel,farley,daniel.farley@example.com
holly,smith,holly.smith@example.com
danielle,obrien,danielle.obrien@example.com
carol,santos,carol.santos@example.com
tyler,swanson,tyler.swanson@example.com
daniel,ramos,daniel.ramos@example.com
levi,cook,levi.cook@example.com
kimberly,riley,kimberly.riley@example.com
deborah,washington,deborah.washington@example.com
jared,contreras,jared.contreras@example.com
karen,baldwin,karen.baldwin@example.com
terry,tyler,terry.tyler@example.com
lacey,gordon,lacey.gordon@example.com
caitlin,gilbert,caitlin.gilbert@example.com
reginald,ross,reginald.ross@example.com
joseph,baker,joseph.baker@example.com
robert,smith,robert.smith@example.com
miranda,richardson,miranda.richardson@example.com
jesse,johnson,jesse.johnson@example.com
paul,west,paul.west@example.com
alicia,johnson,alicia.johnson@example.com
carolyn,martin,carolyn.martin@example.com
jacqueline,miller,jacqueline.miller@example.com
joseph,ryan,joseph.ryan@example.com
ryan,harris,ryan.harris@example.com
john,evans,john.evans@example.com
adam,boyd,adam.boyd@example.com
angela,taylor,angela.taylor@example.com
charles,martin,charles.martin@example.com
heather,sawyer,heather.sawyer@example.com
kevin,hayes,kevin.hayes@example.com
amanda,warner,amanda.warner@example.com
robert,jones,robert.jones@example.com
margaret,mercer,margaret.mercer@example.com
hannah,fuentes,hannah.fuentes@example.com
william,davis,william.davis@example.com
stephen,white,stephen.white@example.com
janet,vance,janet.vance@example.com
michael,malone,michael.malone@example.com
vincent,wood,vincent.wood@example.com
taylor,velez,taylor.velez@example.com
andrea,lee,andrea.lee@example.com
edgar,williams,edgar.williams@example.com
aaron,richards,aaron.richards@example.com
lisa,petersen,lisa.petersen@example.com
gregory,morales,gregory.morales@example.com
amy,meza,amy.meza@example.com
thomas,martinez,thomas.martinez@example.com
ryan,guzman,ryan.guzman@example.com
ryan,williams,ryan.williams@example.com
sarah,bass,sarah.bass@example.com
alexandra,larsen,alexandra.larsen@example.com
melissa,smith,melissa.smith@example.com
ronald,wood,ronald.wood@example.com
jodi,rojas,jodi.rojas@example.com
leslie,glass,leslie.glass@example.com
nichole,snyder,nichole.snyder@example.com
curtis,contreras,curtis.contreras@example.com
elizabeth,coleman,elizabeth.coleman@example.com
katherine,wheeler,katherine.wheeler@example.com
olivia,gutierrez,olivia.gutierrez@example.com
charles,lopez,charles.lopez@example.com
julie,blake,julie.blake@example.com
jesse,wright,jesse.wright@example.com
james,galvan,james.galvan@example.com
samantha,adams,samantha.adams@example.com
john,johnson,john.johnson@example.com
danielle,tate,danielle.tate@example.com
kyle,hunt,kyle.hunt@example.com
tiffany,rodriguez,tiffany.rodriguez@example.com
brian,walker,brian.walker@example.com
gary,zavala,gary.zavala@example.com
kelly,sexton,kelly.sexton@example.com
brittany,carter,brittany.carter@example.com
manuel,mason,manuel.mason@example.com
sharon,thomas,sharon.thomas@example.com
malik,henson,malik.henson@example.com
jeffrey,rivera,jeffrey.rivera@example.com
stephanie,moore,stephanie.moore@example.com
geoffrey,gibson,geoffrey.gibson@example.com
melissa,roberts,melissa.roberts@example.com
karen,hicks,karen.hicks@example.com
